{"cameraMode":{"drawMode":0,"name":"Shaded","section":"Shading Mode"},"sceneLighting":true,"audioPlay":false,"sceneViewState":{"showFog":true,"showMaterialUpdate":true,"showSkybox":true,"showFlares":true,"showImageEffects":true,"showParticleSystems":true},"in2DMode":false,"pivot":{"x":-2.4201107025146486,"y":15.866634368896485,"z":-13.565216064453125},"rotation":{"x":0.22196123003959657,"y":0.14822469651699067,"z":-0.03415215387940407,"w":0.9631363749504089},"size":17.243663787841798,"orthographic":false}